"app","technology","toolVersion","toolSha256","startedAt","finishedAt","wallSeconds","cpuSeconds","userSeconds","kernelSeconds","cpuPerWall","peakJobCommitBytes","peakProcessCommitBytes","peakTreeWorkingSetBytes","peakProcessWorkingSetBytes","samples","processesSeen","processesTotal","installerBytes","installerSha256","payloadFiles","payloadBytes","installerToPayloadRatio","success"
"Minimal","NSIS","3.12","b043e554afefbfc56315669d0b4779793aeae67f0f2a7a790e2ea91f05298eff","2026-09-21T20:53:01.9725198Z","2026-09-21T20:53:02.0060820Z","0.034","0.047","0.031","0.016","1.382","102100992","100913152","30486528","24055808","3","2","2","38332","36a49ca27dbc10ad2b6efadae83c3b3d6d34241c1d47166fe4fa838ab3d9df3e",,,,"True"
"Minimal","TigerSetup","0.10.0","81f504b858583eb9b06e1e759794c24a04da54b2d9a072966ee1ccaaf8b9d6ba","2026-09-21T20:53:02.0533787Z","2026-09-21T20:53:02.8368159Z","0.783","0.484","0.469","0.016","0.618","64479232","64479232","66658304","67579904","27","1","1","1222073","099b8098c5d87204c44ceba0fdd369a5c032fe9ee5067f9dced9305835b81782",,,,"True"
"Minimal","InnoSetup","7.1.0","d06ebd38f38e3cee60a3c50cc45bd449d77e0bc6a5cabc607ea9886808e4de1a","2026-09-21T20:53:02.8620659Z","2026-09-21T20:53:03.5540741Z","0.692","0.688","0.609","0.078","0.994","45043712","45043712","49418240","49422336","24","1","1","2097202","363821daa2b717b6426dd0d5f3974ca7ab498d5af61c4b0795b8ab401edff459",,,,"True"
"ShareX","TigerSetup","0.10.0","81f504b858583eb9b06e1e759794c24a04da54b2d9a072966ee1ccaaf8b9d6ba","2026-09-21T20:53:03.6373276Z","2026-09-21T20:55:27.0710410Z","143.432","142.734","141.938","0.797","0.995","292683776","292683776","295948288","295997440","4575","1","1","151478648","5d45d18f17642ed58268bc78b5dfcf200611f7529ebd9f7bb04c80fe49ffa9c1","1230","541619146","0.2797","True"
"ShareX","InnoSetup","7.1.0","d06ebd38f38e3cee60a3c50cc45bd449d77e0bc6a5cabc607ea9886808e4de1a","2026-09-21T20:55:27.2434255Z","2026-09-21T20:56:26.2969344Z","59.053","103.484","102.734","0.75","1.752","118927360","118927360","124096512","124096512","1888","1","1","139596355","6859c33fecbd13eda2407a55148ec42e910485f71b719b46086c3abb98dd81da","1230","541619146","0.2577","True"
"ShareX","NSIS","3.12","b043e554afefbfc56315669d0b4779793aeae67f0f2a7a790e2ea91f05298eff","2026-09-21T20:56:26.5014793Z","2026-09-21T20:58:53.8251109Z","147.322","146.938","146.047","0.891","0.997","103071744","101883904","147353600","140955648","4702","2","2","139987121","b2a36cc303676ac81d50f38bb6a5071c00a6ac6c4d5f0dfe9f3d5087ae221ecc","1230","541619146","0.2585","True"
"WinMerge","InnoSetup","7.1.0","d06ebd38f38e3cee60a3c50cc45bd449d77e0bc6a5cabc607ea9886808e4de1a","2026-09-21T20:58:54.5993875Z","2026-09-21T20:59:03.0348948Z","8.435","12.969","12.609","0.359","1.538","118927360","118927360","123244544","123260928","271","1","1","18784902","5b00c892fed75ccf5f7d9847ddac731640f027b6dc6fcf1db7ad55c4f92d7c3b","472","81636621","0.2301","True"
"WinMerge","NSIS","3.12","b043e554afefbfc56315669d0b4779793aeae67f0f2a7a790e2ea91f05298eff","2026-09-21T20:59:03.1186930Z","2026-09-21T20:59:19.4247380Z","16.306","16.234","16","0.234","0.996","102731776","101539840","147304448","140873728","522","2","2","17195440","91ff3a869cb23489747872d83618dc2e4c4c1f708a84f1a212e889452f2f148a","472","81636621","0.2106","True"
"WinMerge","TigerSetup","0.10.0","81f504b858583eb9b06e1e759794c24a04da54b2d9a072966ee1ccaaf8b9d6ba","2026-09-21T20:59:19.5961550Z","2026-09-21T20:59:37.7361450Z","18.14","17.797","17.547","0.25","0.981","239439872","239439872","242257920","242257920","580","1","1","18988834","0cfe938ce79ac4a9271c100f258ad90ba09bfc1ea514ca0cd3ed5f6d0fdbd99a","472","81636621","0.2326","True"
"qBittorrent","NSIS","3.12","b043e554afefbfc56315669d0b4779793aeae67f0f2a7a790e2ea91f05298eff","2026-09-21T20:59:37.8379753Z","2026-09-21T21:00:37.8271671Z","59.989","59.859","59.5","0.359","0.998","102490112","101302272","143142912","140861440","1914","2","2","43412133","b65408b0204ba7d56724b944aa2a29aeb873fe1814c9387cc950da22a4ae5d1e","38","231534246","0.1875","True"
"qBittorrent","TigerSetup","0.10.0","81f504b858583eb9b06e1e759794c24a04da54b2d9a072966ee1ccaaf8b9d6ba","2026-09-21T21:00:39.1345563Z","2026-09-21T21:01:48.4097084Z","69.274","68.75","68.578","0.172","0.992","291196928","291196928","294305792","294305792","2213","1","1","48055301","c36d75a904754a3d2e03f94171982edb9ef6ac7cbbffcaed3067efb03eea8a40","38","231534246","0.2076","True"
"qBittorrent","InnoSetup","7.1.0","d06ebd38f38e3cee60a3c50cc45bd449d77e0bc6a5cabc607ea9886808e4de1a","2026-09-21T21:01:48.4691011Z","2026-09-21T21:02:27.5175466Z","39.048","45.156","44.562","0.594","1.156","117542912","117542912","122732544","122732544","1250","1","1","44445852","5d1c43b10348478a98261b1d6d2818e6d1314df5349c6175de4534fa724fac1e","38","231534246","0.192","True"
"VLC","TigerSetup","0.10.0","81f504b858583eb9b06e1e759794c24a04da54b2d9a072966ee1ccaaf8b9d6ba","2026-09-21T21:02:29.0484105Z","2026-09-21T21:03:18.2267440Z","49.178","48.766","48.375","0.391","0.992","292290560","292290560","295071744","295092224","1573","1","1","42413856","e1bc725c12e8a7baa5e45d7c223d8917e1e636bda8335101ac0f84b5782dd464","583","191373841","0.2216","True"
"VLC","InnoSetup","7.1.0","d06ebd38f38e3cee60a3c50cc45bd449d77e0bc6a5cabc607ea9886808e4de1a","2026-09-21T21:03:18.2839144Z","2026-09-21T21:03:40.4865090Z","22.202","36.391","35.828","0.562","1.639","118927360","118927360","123338752","123355136","710","1","1","46893921","85f5748dd159c0e50bc73a4b5ef0ce1add4d8681867b30a3fde17c9a06b9e087","583","191373841","0.245","True"
"VLC","NSIS","3.12","b043e554afefbfc56315669d0b4779793aeae67f0f2a7a790e2ea91f05298eff","2026-09-21T21:03:40.6078221Z","2026-09-21T21:04:29.3744714Z","48.766","48.672","48.344","0.328","0.998","102952960","101765120","147349504","140926976","1557","2","2","45691994","bba50df53bffdaa02a4c1ed71baee07476eb92cb978f7d4a2624e276c90eba6e","583","191373841","0.2388","True"
"TigerMarkView","InnoSetup","7.1.0","d06ebd38f38e3cee60a3c50cc45bd449d77e0bc6a5cabc607ea9886808e4de1a","2026-09-21T21:04:29.7367121Z","2026-09-21T21:04:34.3108403Z","4.574","6.891","6.531","0.359","1.507","117616640","117616640","122753024","122769408","147","1","1","10987450","1232d5d075aaadb350e289170853014ce827ebbcf3105655332b43f1ee458009","56","33092743","0.332","True"
"TigerMarkView","NSIS","3.12","b043e554afefbfc56315669d0b4779793aeae67f0f2a7a790e2ea91f05298eff","2026-09-21T21:04:34.3772468Z","2026-09-21T21:04:43.4239450Z","9.047","9.016","8.953","0.062","0.997","102498304","101306368","143097856","140247040","290","2","2","9352274","c3d2f1d9bba5be6fe5803e1139667e76f8259c7493468d865fd02580e1b33b4d","56","33092743","0.2826","True"
"TigerMarkView","TigerSetup","0.10.0","81f504b858583eb9b06e1e759794c24a04da54b2d9a072966ee1ccaaf8b9d6ba","2026-09-21T21:04:43.6026037Z","2026-09-21T21:04:52.7970307Z","9.194","8.891","8.812","0.078","0.967","139476992","139476992","142745600","142745600","295","1","1","11306672","c2ecba38c9dd6fb69b1b1a9c9e85cd2675acc7097f384ccf1c01e24ba0d8d396","56","33092743","0.3417","True"
"TigerWrap","NSIS","3.12","b043e554afefbfc56315669d0b4779793aeae67f0f2a7a790e2ea91f05298eff","2026-09-21T21:04:52.8631862Z","2026-09-21T21:04:56.2931675Z","3.43","3.391","3.375","0.016","0.989","120999936","119812096","129716224","123285504","111","2","2","3023323","9603eea9f214ddd5b76aa224f9092aea50f024ad47de9a810ce0f5f9ca364780","62","15922990","0.1899","True"
"TigerWrap","TigerSetup","0.10.0","81f504b858583eb9b06e1e759794c24a04da54b2d9a072966ee1ccaaf8b9d6ba","2026-09-21T21:04:56.3985555Z","2026-09-21T21:05:00.1064382Z","3.708","3.422","3.375","0.047","0.923","113844224","113844224","116625408","117088256","120","1","1","4450380","0068769261502e6fc674e7db36b25bf7ea7699491acf886da394ef50d4ff3954","62","15922990","0.2795","True"
"TigerWrap","InnoSetup","7.1.0","d06ebd38f38e3cee60a3c50cc45bd449d77e0bc6a5cabc607ea9886808e4de1a","2026-09-21T21:05:00.1195255Z","2026-09-21T21:05:02.6169952Z","2.497","3.031","2.812","0.219","1.214","117542912","117542912","122732544","122748928","81","1","1","5047799","be8b24a0a35c15a2006f05492ebe4952091047a1c481de0008995b9e8d0b7626","62","15922990","0.317","True"
"TigerSqlCmd","TigerSetup","0.10.0","81f504b858583eb9b06e1e759794c24a04da54b2d9a072966ee1ccaaf8b9d6ba","2026-09-21T21:05:02.6954622Z","2026-09-21T21:05:06.5365042Z","3.841","3.547","3.5","0.047","0.923","114016256","114016256","117043200","117043200","124","1","1","4714731","e3d39ef595eb2d00807ce505ac8e7cbb6c21da2ab3853cf93529fc83b7292ace","68","16023249","0.2942","True"
"TigerSqlCmd","InnoSetup","7.1.0","d06ebd38f38e3cee60a3c50cc45bd449d77e0bc6a5cabc607ea9886808e4de1a","2026-09-21T21:05:06.5505045Z","2026-09-21T21:05:08.9487559Z","2.398","3.078","2.891","0.188","1.284","117608448","117608448","122748928","122765312","78","1","1","5293560","5c3589eed21e60ef57df230a8ee06543c4abd1646cfcf9a134f47fed692d493a","68","16023249","0.3304","True"
"TigerSqlCmd","NSIS","3.12","b043e554afefbfc56315669d0b4779793aeae67f0f2a7a790e2ea91f05298eff","2026-09-21T21:05:09.0045906Z","2026-09-21T21:05:12.4422641Z","3.438","3.422","3.344","0.078","0.995","128970752","127778816","129798144","123367424","111","2","2","3267577","da3ab93f6e00c02a4504a3c3f64b45111f8d1233a5049399a8c12c4cc6265382","68","16023249","0.2039","True"
"Tiger3dForge","InnoSetup","7.1.0","d06ebd38f38e3cee60a3c50cc45bd449d77e0bc6a5cabc607ea9886808e4de1a","2026-09-21T21:05:12.5712613Z","2026-09-21T21:05:18.7146088Z","6.143","9.594","9.234","0.359","1.562","117612544","117612544","122785792","122802176","198","1","1","13637511","ceb2a624f66707de5925205cc3a093b74de6c851886322d23d07503f02b7dd51","89","41560997","0.3281","True"
"Tiger3dForge","NSIS","3.12","b043e554afefbfc56315669d0b4779793aeae67f0f2a7a790e2ea91f05298eff","2026-09-21T21:05:18.7860835Z","2026-09-21T21:05:31.2798371Z","12.494","12.422","12.312","0.109","0.994","102502400","101314560","147263488","140832768","400","2","2","12501641","96d0a7e248f22a747201a8dc706b767e307cbda51b76706dc578566f29033016","89","41560997","0.3008","True"
"Tiger3dForge","TigerSetup","0.10.0","81f504b858583eb9b06e1e759794c24a04da54b2d9a072966ee1ccaaf8b9d6ba","2026-09-21T21:05:31.4789909Z","2026-09-21T21:05:44.7610510Z","13.282","12.938","12.797","0.141","0.974","165339136","165339136","167993344","167993344","424","1","1","14342326","d0a1bcba4af324c71a073165ae3e1315064cec9e7c9df72da10bf582a92b580b","89","41560997","0.3451","True"
"TigerKeyring","NSIS","3.12","b043e554afefbfc56315669d0b4779793aeae67f0f2a7a790e2ea91f05298eff","2026-09-21T21:05:44.8438947Z","2026-09-21T21:05:45.3889800Z","0.545","0.547","0.516","0.031","1.004","106463232","105271296","53571584","47140864","19","2","2","547129","d2225e0cc3f4fba0c9bcd18cd05a9d6513eb3d39f236e351cd133c2c9837a831","2","1977856","0.2766","True"
"TigerKeyring","TigerSetup","0.10.0","81f504b858583eb9b06e1e759794c24a04da54b2d9a072966ee1ccaaf8b9d6ba","2026-09-21T21:05:45.4616046Z","2026-09-21T21:05:46.6168790Z","1.155","0.906","0.859","0.047","0.784","64446464","64446464","66506752","67588096","38","1","1","1761244","430ca92c3c5df46087f285ba72882cbdcdebb3fd861c1edbcac040232d58882c","2","1977856","0.8905","True"
"TigerKeyring","InnoSetup","7.1.0","d06ebd38f38e3cee60a3c50cc45bd449d77e0bc6a5cabc607ea9886808e4de1a","2026-09-21T21:05:46.6272305Z","2026-09-21T21:05:47.5076683Z","0.88","0.938","0.766","0.172","1.066","117547008","117547008","57282560","58150912","30","1","1","2578499","3dcbeae9019c0a38856e7e9ca5eba7f7c6499a257e15d4b6694b58cdc513dd9f","2","1977856","1.3037","True"
"GitForWindows","TigerSetup","0.10.0","81f504b858583eb9b06e1e759794c24a04da54b2d9a072966ee1ccaaf8b9d6ba","2026-09-21T21:05:47.5729239Z","2026-09-21T21:07:12.9034568Z","85.33","84.953","83.438","1.516","0.996","305082368","305082368","307322880","307679232","2723","1","1","68012084","1a33ab9422ec4ec1a2836be1d1f46aac1ccb49444cd7b4f440f5f89e86102705","9584","403630328","0.1685","True"
"GitForWindows","InnoSetup","7.1.0","d06ebd38f38e3cee60a3c50cc45bd449d77e0bc6a5cabc607ea9886808e4de1a","2026-09-21T21:07:12.9832373Z","2026-09-21T21:08:00.6178389Z","47.634","79.078","78.109","0.969","1.66","130740224","130740224","135020544","135020544","1520","1","1","91699969","62699ded9713c3d851c3d98da9eec113fc8e126729cc018da41b45ff3c8e0883","9584","403630328","0.2272","True"
"GitForWindows","NSIS","3.12","b043e554afefbfc56315669d0b4779793aeae67f0f2a7a790e2ea91f05298eff","2026-09-21T21:08:00.7723454Z","2026-09-21T21:09:26.4076553Z","85.634","85.422","84.109","1.312","0.998","106053632","104861696","148176896","142209024","2733","2","2","67724032","1dd652759ca2187921961d199973573e24d952de0b5155198b37cbe5ef824f59","9584","403630328","0.1678","True"
"VSCode","InnoSetup","7.1.0","d06ebd38f38e3cee60a3c50cc45bd449d77e0bc6a5cabc607ea9886808e4de1a","2026-09-21T21:09:26.8931953Z","2026-09-21T21:11:44.8697364Z","137.975","228.047","225.984","2.062","1.653","121561088","121561088","126357504","126357504","4401","1","1","236066109","56550f33b599a44e1fdf8dfa2cfc0ce015482b961dfc7bf576fab8032e3702e1","2484","1046165352","0.2256","True"
"VSCode","NSIS","3.12","b043e554afefbfc56315669d0b4779793aeae67f0f2a7a790e2ea91f05298eff","2026-09-21T21:11:45.1775684Z","2026-09-21T21:16:43.4117589Z","298.231","297.609","295.719","1.891","0.998","103772160","102584320","147476480","141230080","9507","2","2","238494641","567d6d12092648c09285138b55351ec904c055793a9c481c4fdb196a1e3f6bfa","2484","1046165352","0.228","True"
"VSCode","TigerSetup","0.10.0","81f504b858583eb9b06e1e759794c24a04da54b2d9a072966ee1ccaaf8b9d6ba","2026-09-21T21:16:43.8125091Z","2026-09-21T21:21:38.3277288Z","294.512","293.594","292.328","1.266","0.997","295550976","295550976","298831872","298831872","9391","1","1","230297757","e87fa3c290e65bf7487e33c7a3bbd949a804b0e276b0b67012b538a4dbcd3b91","2484","1046165352","0.2201","True"
"Wireshark","NSIS","3.12","b043e554afefbfc56315669d0b4779793aeae67f0f2a7a790e2ea91f05298eff","2026-09-21T21:21:39.3074065Z","2026-09-21T21:23:10.6020581Z","91.294","91.188","90.484","0.703","0.999","103108608","101920768","147365888","140976128","2913","2","2","99073975","9cd2d63ac898df8b2af011a107d23b79f4d3fadd6702ad186e6dcc1a4450621a","1354","319059572","0.3105","True"
"Wireshark","TigerSetup","0.10.0","81f504b858583eb9b06e1e759794c24a04da54b2d9a072966ee1ccaaf8b9d6ba","2026-09-21T21:23:10.8696482Z","2026-09-21T21:24:46.6998471Z","95.829","95.422","94.844","0.578","0.996","292945920","292945920","296247296","296251392","3058","1","1","104302442","a999865e402ae2bea03956ba36896f267e451c8079dd6d37801a9f8f8abcaac2","1354","319059572","0.3269","True"
"Wireshark","InnoSetup","7.1.0","d06ebd38f38e3cee60a3c50cc45bd449d77e0bc6a5cabc607ea9886808e4de1a","2026-09-21T21:24:46.8167018Z","2026-09-21T21:25:24.3756447Z","37.559","65.281","64.609","0.672","1.738","118849536","118849536","124272640","124272640","1199","1","1","97818292","7fa7055b0aaa5716d3b6cca9ada22f3350984d60a6a140d5d87086b9eac37135","1354","319059572","0.3066","True"
"WinSCP","TigerSetup","0.10.0","81f504b858583eb9b06e1e759794c24a04da54b2d9a072966ee1ccaaf8b9d6ba","2026-09-21T21:25:24.8572828Z","2026-09-21T21:25:30.7069733Z","5.85","5.562","5.516","0.047","0.951","130662400","130662400","133922816","133922816","188","1","1","8501640","a9b5358dfb818bfa797984bb29c3b34e4ad1a4660ec75393f12532cdd3cdc9a6","4","24389189","0.3486","True"
"WinSCP","InnoSetup","7.1.0","d06ebd38f38e3cee60a3c50cc45bd449d77e0bc6a5cabc607ea9886808e4de1a","2026-09-21T21:25:30.7245748Z","2026-09-21T21:25:33.4513415Z","2.727","4.391","4.062","0.328","1.61","117542912","117542912","122699776","122716160","89","1","1","8358765","40e5295949ac356435c07c94ce86201ce50a0cf7ffbf15af35a23868916e98fd","4","24389189","0.3427","True"
"WinSCP","NSIS","3.12","b043e554afefbfc56315669d0b4779793aeae67f0f2a7a790e2ea91f05298eff","2026-09-21T21:25:33.5123244Z","2026-09-21T21:25:38.9142487Z","5.402","5.375","5.281","0.094","0.995","102449152","101257216","134684672","131686400","174","2","2","6970243","b2ddaedf566cff841bc72aeef3217ce8631ccec461d127449a0cf28d7ec23cb2","4","24389189","0.2858","True"
"Inkscape","InnoSetup","7.1.0","d06ebd38f38e3cee60a3c50cc45bd449d77e0bc6a5cabc607ea9886808e4de1a","2026-09-21T21:25:39.0915942Z","2026-09-21T21:26:52.3032343Z","73.211","117.25","115.734","1.516","1.602","134688768","134688768","138895360","138895360","2336","1","1","120599904","69915ecf6b07e2137df9ba58a3ee805743e7aa3fdbc15a2ca5ac6401c07f493a","12152","660170071","0.1827","True"
"Inkscape","NSIS","3.12","b043e554afefbfc56315669d0b4779793aeae67f0f2a7a790e2ea91f05298eff","2026-09-21T21:26:52.4946197Z","2026-09-21T21:29:30.6075280Z","158.111","157.812","156.141","1.672","0.998","107614208","106422272","148578304","142749696","5043","2","2","120827148","7c93842103926a1f268b641faf2db645f5e2fa6b5715c0d57bacedd49c447b86","12152","660170071","0.183","True"
"Inkscape","TigerSetup","0.10.0","81f504b858583eb9b06e1e759794c24a04da54b2d9a072966ee1ccaaf8b9d6ba","2026-09-21T21:29:30.8864032Z","2026-09-21T21:32:17.0005788Z","166.112","165.469","163.438","2.031","0.996","309190656","309190656","312053760","312053760","5297","1","1","128857706","b74b409bbd6c482736fb371ee017081c6a93c733e4b11c589b463ef7cf474e42","12152","660170071","0.1952","True"
"NotepadPlusPlus","NSIS","3.12","b043e554afefbfc56315669d0b4779793aeae67f0f2a7a790e2ea91f05298eff","2026-09-21T21:32:17.5424266Z","2026-09-21T21:32:23.6162883Z","6.074","6.062","5.984","0.078","0.998","102486016","101298176","138924032","134451200","195","2","2","6353224","52a356e41ccd38063184250016330f73d71f34715049499a87fd051feb40eb9e","219","27100036","0.2344","True"
"NotepadPlusPlus","TigerSetup","0.10.0","81f504b858583eb9b06e1e759794c24a04da54b2d9a072966ee1ccaaf8b9d6ba","2026-09-21T21:32:23.7565111Z","2026-09-21T21:32:32.2316757Z","8.475","8.188","8.062","0.125","0.966","134270976","134270976","136953856","136953856","272","1","1","7664185","4ae8c95e83b73c98ca9b49ae51ad083b49042ab681e2e539d819b410924cc83e","219","27100036","0.2828","True"
"NotepadPlusPlus","InnoSetup","7.1.0","d06ebd38f38e3cee60a3c50cc45bd449d77e0bc6a5cabc607ea9886808e4de1a","2026-09-21T21:32:32.2481103Z","2026-09-21T21:32:36.1458157Z","3.898","4.891","4.672","0.219","1.255","117571584","117571584","122920960","122937344","126","1","1","8219539","43e7102a5f5e7da50949f8e766ccc95edfc2382a13beb2383564d8b0cbd70737","219","27100036","0.3033","True"
